"filename", "language", "JSON", "CMake", "HTML", "PostCSS", "JavaScript", "YAML", "Markdown", "C++", "Dart", "Python", "Gradle", "Properties", "XML", "comment", "blank", "total"
"c:\Users\Ethoc\Documents\GitHub\Fitness-Tracker_Windows-Dev\Fitness-Tracker\README.md", "Markdown", 0, 0, 0, 0, 0, 0, 119, 0, 0, 0, 0, 0, 0, 0, 33, 152
"c:\Users\Ethoc\Documents\GitHub\Fitness-Tracker_Windows-Dev\Fitness-Tracker\analysis_options.yaml", "YAML", 0, 0, 0, 0, 0, 3, 0, 0, 0, 0, 0, 0, 0, 22, 4, 29
"c:\Users\Ethoc\Documents\GitHub\Fitness-Tracker_Windows-Dev\Fitness-Tracker\android\app\build.gradle", "Gradle", 0, 0, 0, 0, 0, 0, 0, 0, 0, 0, 58, 0, 0, 0, 13, 71
"c:\Users\Ethoc\Documents\GitHub\Fitness-Tracker_Windows-Dev\Fitness-Tracker\android\app\src\debug\AndroidManifest.xml", "XML", 0, 0, 0, 0, 0, 0, 0, 0, 0, 0, 0, 0, 3, 4, 1, 8
"c:\Users\Ethoc\Documents\GitHub\Fitness-Tracker_Windows-Dev\Fitness-Tracker\android\app\src\main\AndroidManifest.xml", "XML", 0, 0, 0, 0, 0, 0, 0, 0, 0, 0, 0, 0, 28, 0, 6, 34
"c:\Users\Ethoc\Documents\GitHub\Fitness-Tracker_Windows-Dev\Fitness-Tracker\android\app\src\main\res\drawable-v21\launch_background.xml", "XML", 0, 0, 0, 0, 0, 0, 0, 0, 0, 0, 0, 0, 4, 7, 2, 13
"c:\Users\Ethoc\Documents\GitHub\Fitness-Tracker_Windows-Dev\Fitness-Tracker\android\app\src\main\res\drawable\launch_background.xml", "XML", 0, 0, 0, 0, 0, 0, 0, 0, 0, 0, 0, 0, 4, 7, 2, 13
"c:\Users\Ethoc\Documents\GitHub\Fitness-Tracker_Windows-Dev\Fitness-Tracker\android\app\src\main\res\values-night\styles.xml", "XML", 0, 0, 0, 0, 0, 0, 0, 0, 0, 0, 0, 0, 9, 9, 1, 19
"c:\Users\Ethoc\Documents\GitHub\Fitness-Tracker_Windows-Dev\Fitness-Tracker\android\app\src\main\res\values\styles.xml", "XML", 0, 0, 0, 0, 0, 0, 0, 0, 0, 0, 0, 0, 9, 9, 1, 19
"c:\Users\Ethoc\Documents\GitHub\Fitness-Tracker_Windows-Dev\Fitness-Tracker\android\app\src\profile\AndroidManifest.xml", "XML", 0, 0, 0, 0, 0, 0, 0, 0, 0, 0, 0, 0, 3, 4, 1, 8
"c:\Users\Ethoc\Documents\GitHub\Fitness-Tracker_Windows-Dev\Fitness-Tracker\android\build.gradle", "Gradle", 0, 0, 0, 0, 0, 0, 0, 0, 0, 0, 30, 0, 0, 1, 3, 34
"c:\Users\Ethoc\Documents\GitHub\Fitness-Tracker_Windows-Dev\Fitness-Tracker\android\gradle.properties", "Properties", 0, 0, 0, 0, 0, 0, 0, 0, 0, 0, 0, 4, 0, 0, 0, 4
"c:\Users\Ethoc\Documents\GitHub\Fitness-Tracker_Windows-Dev\Fitness-Tracker\android\gradle\wrapper\gradle-wrapper.properties", "Properties", 0, 0, 0, 0, 0, 0, 0, 0, 0, 0, 0, 5, 0, 0, 0, 5
"c:\Users\Ethoc\Documents\GitHub\Fitness-Tracker_Windows-Dev\Fitness-Tracker\android\settings.gradle", "Gradle", 0, 0, 0, 0, 0, 0, 0, 0, 0, 0, 11, 0, 0, 0, 1, 12
"c:\Users\Ethoc\Documents\GitHub\Fitness-Tracker_Windows-Dev\Fitness-Tracker\assets\coach_rules.json", "JSON", 6188, 0, 0, 0, 0, 0, 0, 0, 0, 0, 0, 0, 0, 0, 0, 6188
"c:\Users\Ethoc\Documents\GitHub\Fitness-Tracker_Windows-Dev\Fitness-Tracker\data\flutter_assets\assets\coach_rules.json", "JSON", 99, 0, 0, 0, 0, 0, 0, 0, 0, 0, 0, 0, 0, 0, 0, 99
"c:\Users\Ethoc\Documents\GitHub\Fitness-Tracker_Windows-Dev\Fitness-Tracker\devtools_options.yaml", "YAML", 0, 0, 0, 0, 0, 3, 0, 0, 0, 0, 0, 0, 0, 0, 1, 4
"c:\Users\Ethoc\Documents\GitHub\Fitness-Tracker_Windows-Dev\Fitness-Tracker\dist\Windows一键调试和构建工具.py", "Python", 0, 0, 0, 0, 0, 0, 0, 0, 0, 229, 0, 0, 0, 36, 46, 311
"c:\Users\Ethoc\Documents\GitHub\Fitness-Tracker_Windows-Dev\Fitness-Tracker\dist\update_coach_knowledge_2.0.py", "Python", 0, 0, 0, 0, 0, 0, 0, 0, 0, 711, 0, 0, 0, 11, 60, 782
"c:\Users\Ethoc\Documents\GitHub\Fitness-Tracker_Windows-Dev\Fitness-Tracker\lib\main.dart", "Dart", 0, 0, 0, 0, 0, 0, 0, 0, 3386, 0, 0, 0, 0, 28, 141, 3555
"c:\Users\Ethoc\Documents\GitHub\Fitness-Tracker_Windows-Dev\Fitness-Tracker\lib\utils\permission_handler.yaml", "YAML", 0, 0, 0, 0, 0, 38, 0, 0, 0, 0, 0, 0, 0, 15, 16, 69
"c:\Users\Ethoc\Documents\GitHub\Fitness-Tracker_Windows-Dev\Fitness-Tracker\lib\widgets\coach_character.dart", "Dart", 0, 0, 0, 0, 0, 0, 0, 0, 1236, 0, 0, 0, 0, 2, 94, 1332
"c:\Users\Ethoc\Documents\GitHub\Fitness-Tracker_Windows-Dev\Fitness-Tracker\lib\widgets\draggable_cat.dart", "Dart", 0, 0, 0, 0, 0, 0, 0, 0, 196, 0, 0, 0, 0, 2, 12, 210
"c:\Users\Ethoc\Documents\GitHub\Fitness-Tracker_Windows-Dev\Fitness-Tracker\lib\widgets\roaming_cat.dart", "Dart", 0, 0, 0, 0, 0, 0, 0, 0, 245, 0, 0, 0, 0, 0, 21, 266
"c:\Users\Ethoc\Documents\GitHub\Fitness-Tracker_Windows-Dev\Fitness-Tracker\pubspec.yaml", "YAML", 0, 0, 0, 0, 0, 42, 0, 0, 0, 0, 0, 0, 0, 0, 4, 46
"c:\Users\Ethoc\Documents\GitHub\Fitness-Tracker_Windows-Dev\Fitness-Tracker\stats_report\activity.html", "HTML", 0, 0, 249, 0, 0, 0, 0, 0, 0, 0, 0, 0, 0, 1, 17, 267
"c:\Users\Ethoc\Documents\GitHub\Fitness-Tracker_Windows-Dev\Fitness-Tracker\stats_report\authors.html", "HTML", 0, 0, 165, 0, 0, 0, 0, 0, 0, 0, 0, 0, 0, 1, 14, 180
"c:\Users\Ethoc\Documents\GitHub\Fitness-Tracker_Windows-Dev\Fitness-Tracker\stats_report\chart.umd.min.js", "JavaScript", 0, 0, 0, 0, 2, 0, 0, 0, 0, 0, 0, 0, 0, 18, 1, 21
"c:\Users\Ethoc\Documents\GitHub\Fitness-Tracker_Windows-Dev\Fitness-Tracker\stats_report\files.html", "HTML", 0, 0, 107, 0, 0, 0, 0, 0, 0, 0, 0, 0, 0, 1, 10, 118
"c:\Users\Ethoc\Documents\GitHub\Fitness-Tracker_Windows-Dev\Fitness-Tracker\stats_report\gitstats.css", "PostCSS", 0, 0, 0, 430, 0, 0, 0, 0, 0, 0, 0, 0, 0, 30, 76, 536
"c:\Users\Ethoc\Documents\GitHub\Fitness-Tracker_Windows-Dev\Fitness-Tracker\stats_report\index.html", "HTML", 0, 0, 52, 0, 0, 0, 0, 0, 0, 0, 0, 0, 0, 1, 6, 59
"c:\Users\Ethoc\Documents\GitHub\Fitness-Tracker_Windows-Dev\Fitness-Tracker\stats_report\lines.html", "HTML", 0, 0, 78, 0, 0, 0, 0, 0, 0, 0, 0, 0, 0, 1, 7, 86
"c:\Users\Ethoc\Documents\GitHub\Fitness-Tracker_Windows-Dev\Fitness-Tracker\stats_report\sortable.js", "JavaScript", 0, 0, 0, 0, 279, 0, 0, 0, 0, 0, 0, 0, 0, 32, 14, 325
"c:\Users\Ethoc\Documents\GitHub\Fitness-Tracker_Windows-Dev\Fitness-Tracker\stats_report\tags.html", "HTML", 0, 0, 49, 0, 0, 0, 0, 0, 0, 0, 0, 0, 0, 1, 5, 55
"c:\Users\Ethoc\Documents\GitHub\Fitness-Tracker_Windows-Dev\Fitness-Tracker\web\index.html", "HTML", 0, 0, 19, 0, 0, 0, 0, 0, 0, 0, 0, 0, 0, 23, 5, 47
"c:\Users\Ethoc\Documents\GitHub\Fitness-Tracker_Windows-Dev\Fitness-Tracker\web\manifest.json", "JSON", 35, 0, 0, 0, 0, 0, 0, 0, 0, 0, 0, 0, 0, 0, 1, 36
"c:\Users\Ethoc\Documents\GitHub\Fitness-Tracker_Windows-Dev\Fitness-Tracker\windows\CMakeLists.txt", "CMake", 0, 89, 0, 0, 0, 0, 0, 0, 0, 0, 0, 0, 0, 0, 19, 108
"c:\Users\Ethoc\Documents\GitHub\Fitness-Tracker_Windows-Dev\Fitness-Tracker\windows\flutter\CMakeLists.txt", "CMake", 0, 98, 0, 0, 0, 0, 0, 0, 0, 0, 0, 0, 0, 0, 12, 110
"c:\Users\Ethoc\Documents\GitHub\Fitness-Tracker_Windows-Dev\Fitness-Tracker\windows\flutter\generated_plugin_registrant.cc", "C++", 0, 0, 0, 0, 0, 0, 0, 12, 0, 0, 0, 0, 0, 4, 5, 21
"c:\Users\Ethoc\Documents\GitHub\Fitness-Tracker_Windows-Dev\Fitness-Tracker\windows\flutter\generated_plugin_registrant.h", "C++", 0, 0, 0, 0, 0, 0, 0, 5, 0, 0, 0, 0, 0, 5, 6, 16
"c:\Users\Ethoc\Documents\GitHub\Fitness-Tracker_Windows-Dev\Fitness-Tracker\windows\flutter\generated_plugins.cmake", "CMake", 0, 22, 0, 0, 0, 0, 0, 0, 0, 0, 0, 0, 0, 0, 6, 28
"c:\Users\Ethoc\Documents\GitHub\Fitness-Tracker_Windows-Dev\Fitness-Tracker\windows\runner\CMakeLists.txt", "CMake", 0, 34, 0, 0, 0, 0, 0, 0, 0, 0, 0, 0, 0, 0, 7, 41
"c:\Users\Ethoc\Documents\GitHub\Fitness-Tracker_Windows-Dev\Fitness-Tracker\windows\runner\flutter_window.cpp", "C++", 0, 0, 0, 0, 0, 0, 0, 49, 0, 0, 0, 0, 0, 7, 16, 72
"c:\Users\Ethoc\Documents\GitHub\Fitness-Tracker_Windows-Dev\Fitness-Tracker\windows\runner\flutter_window.h", "C++", 0, 0, 0, 0, 0, 0, 0, 20, 0, 0, 0, 0, 0, 5, 9, 34
"c:\Users\Ethoc\Documents\GitHub\Fitness-Tracker_Windows-Dev\Fitness-Tracker\windows\runner\main.cpp", "C++", 0, 0, 0, 0, 0, 0, 0, 30, 0, 0, 0, 0, 0, 4, 10, 44
"c:\Users\Ethoc\Documents\GitHub\Fitness-Tracker_Windows-Dev\Fitness-Tracker\windows\runner\resource.h", "C++", 0, 0, 0, 0, 0, 0, 0, 9, 0, 0, 0, 0, 0, 6, 2, 17
"c:\Users\Ethoc\Documents\GitHub\Fitness-Tracker_Windows-Dev\Fitness-Tracker\windows\runner\utils.cpp", "C++", 0, 0, 0, 0, 0, 0, 0, 54, 0, 0, 0, 0, 0, 2, 10, 66
"c:\Users\Ethoc\Documents\GitHub\Fitness-Tracker_Windows-Dev\Fitness-Tracker\windows\runner\utils.h", "C++", 0, 0, 0, 0, 0, 0, 0, 8, 0, 0, 0, 0, 0, 6, 6, 20
"c:\Users\Ethoc\Documents\GitHub\Fitness-Tracker_Windows-Dev\Fitness-Tracker\windows\runner\win32_window.cpp", "C++", 0, 0, 0, 0, 0, 0, 0, 210, 0, 0, 0, 0, 0, 24, 55, 289
"c:\Users\Ethoc\Documents\GitHub\Fitness-Tracker_Windows-Dev\Fitness-Tracker\windows\runner\win32_window.h", "C++", 0, 0, 0, 0, 0, 0, 0, 48, 0, 0, 0, 0, 0, 31, 24, 103
"Total", "-", 6322, 243, 719, 430, 281, 86, 119, 445, 5063, 940, 99, 9, 60, 360, 806, 15982